Workbook

Sheet Pump price_FRW
CZ2: Q4 2022 | DC2: Q1 2023 | DF2: Q2 2023 | DI2: Q3 2023 | DL2: Q4 2023 | DO2: Q1 2024
B3: CPI (2014, Weights) | C3: 41760 | D3: 41791 | E3: 41821 | F3: 41852 | G3: 41883 | H3: 41913 | I3: 41944 | J3: 41974 | K3: 42005 | L3: 42036 | M3: 42064 | N3: 42095 | O3: 42125 | P3: 42156 | Q3: 42186 | R3: 42217 | S3: 42248 | T3: 42278 | U3: 42309 | V3: 42339 | W3: 42370 | X3: 42401 | Y3: 42430 | Z3: 42461 | AA3: 42491 | AB3: 42522 | AC3: 42552 | AD3: 42583 | AE3: 42614 | AF3: 42644 | AG3: 42675 | AH3: 42705 | AI3: 42736 | AJ3: 42767 | AK3: 42795 | AL3: 42826 | AM3: 42856 | AN3: 42887 | AO3: 42917 | AP3: 42948 | AQ3: 42979 | AR3: 43009 | AS3: 43040 | AT3: 43070 | AU3: 43101 | AV3: 43132 | AW3: 43160 | AX3: 43191 | AY3: 43221 | AZ3: 43252 | BA3: 43282 | BB3: 43313 | BC3: 43344 | BD3: 43374 | BE3: 43405 | BF3: 43435 | BG3: 43466 | BH3: 43497 | BI3: 43525 | BJ3: 43556 | BK3: 43586 | BL3: 43617 | BM3: 43647 | BN3: 43678 | BO3: 43709 | BP3: 43739 | BQ3: 43770 | BR3: 43800 | BS3: 43831 | BT3: 43862 | BU3: 43891 | BV3: 43922 | BW3: 43952 | BX3: 43983 | BY3: 44013 | BZ3: 44044 | CA3: 44075 | CB3: 44105 | CC3: 44136 | CD3: 44166 | CE3: 44197 | CF3: 44228 | CG3: 44256 | CH3: 44287 | CI3: 44317 | CJ3: 44348 | CK3: 44378 | CL3: 44409 | CM3: 44440 | CN3: 44470 | CO3: 44501 | CP3: 44531 | CQ3: 44562 | CR3: 44593 | CS3: 44621 | CT3: 44652 | CU3: 44682 | CV3: 44713 | CW3: 44743 | CX3: 44774 | CY3: 44805 | CZ3: 44835 | DA3: 44866 | DB3: 44896 | DC3: 44927 | DD3: 44958 | DE3: 44986 | DF3: 45017 | DG3: 45047 | DH3: 45078 | DI3: 45108 | DJ3: 45139 | DK3: 45170 | DL3: 45200 | DM3: 45231 | DN3: 45261 | DO3: 45292 | DP3: 45323 | DQ3: 45352
A4: Diesel (AGO) | B4: 0.5118582 | C4: 1010 | D4: 1010 | E4: 1010 | F4: 1010 | G4: 1010 | H4: 1010 | I4: 960 | J4: 960 | K4: 895 | L4: 845 | M4: 810 | N4: 810 | O4: 840 | P4: 840 | Q4: 935 | R4: 935 | S4: 920 | T4: 888 | U4: 888 | V4: 874 | W4: 874 | X4: 826 | Y4: 826 | Z4: 826 | AA4: 860 | AB4: 860 | AC4: 948 | AD4: 948 | AE4: 864 | AF4: 864 | AG4: 914 | AH4: 914 | AI4: 932 | AJ4: 932 | AK4: 958 | AL4: 958 | AM4: 950 | AN4: 950 | AO4: 935 | AP4: 935 | AQ4: 954 | AR4: 994 | AS4: 994 | AT4: 994 | AU4: 1005 | AV4: 1005 | AW4: 1037 | AX4: 1037 | AY4: 1048 | AZ4: 1048 | BA4: 1093 | BB4: 1093 | BC4: 1093 | BD4: 1093 | BE4: 1148 | BF4: 1148 | BG4: 1039 | BH4: 1039 | BI4: 1039 | BJ4: 1039 | BK4: 1091 | BL4: 1091 | BM4: 1072 | BN4: 1072 | BO4: 1067 | BP4: 1067 | BQ4: 1073 | BR4: 1073 | BS4: 1084 | BT4: 1084 | BU4: 1073 | BV4: 1073 | BW4: 925 | BX4: 925 | BY4: 883 | BZ4: 883 | CA4: 943 | CB4: 943 | CC4: 923 | CD4: 923 | CE4: 962 | CF4: 962 | CG4: 1054 | CH4: 1054 | CI4: 1054 | CJ4: 1054 | CK4: 1054 | CL4: 1054 | CM4: 1054 | CN4: 1054 | CO4: 1054 | CP4: 1054 | CQ4: 1140 | CR4: 1140 | CS4: 1201 | CT4: 1368 | CU4: 1368 | CV4: 1503 | CW4: 1503 | CX4: 1607 | CY4: 1607 | CZ4: 1587 | DA4: 1587 | DB4: 1587 | DC4: 1587 | DD4: 1562 | DE4: 1562 | DF4: 1518 | DG4: 1518 | DH4: 1492 | DI4: 1492 | DJ4: 1492 | DK4: 1492 | DL4: 1662 | DM4: 1662 | DN4: 1635 | DO4: 1635 | DP4: 1635 | DQ4: 1635
A5: Gasoline (PMS) | B5: 1.1774995 | C5: 1010 | D5: 1010 | E5: 1010 | F5: 1010 | G5: 1010 | H5: 1010 | I5: 960 | J5: 960 | K5: 895 | L5: 845 | M5: 810 | N5: 810 | O5: 840 | P5: 840 | Q5: 935 | R5: 935 | S5: 920 | T5: 888 | U5: 888 | V5: 874 | W5: 874 | X5: 826 | Y5: 826 | Z5: 826 | AA5: 860 | AB5: 860 | AC5: 948 | AD5: 948 | AE5: 888 | AF5: 888 | AG5: 948 | AH5: 948 | AI5: 970 | AJ5: 970 | AK5: 1022 | AL5: 1022 | AM5: 1002 | AN5: 1002 | AO5: 969 | AP5: 969 | AQ5: 993 | AR5: 993 | AS5: 1031 | AT5: 1031 | AU5: 1042 | AV5: 1042 | AW5: 1055 | AX5: 1055 | AY5: 1065 | AZ5: 1065 | BA5: 1109 | BB5: 1109 | BC5: 1109 | BD5: 1109 | BE5: 1132 | BF5: 1132 | BG5: 1013 | BH5: 1013 | BI5: 1013 | BJ5: 1013 | BK5: 1096 | BL5: 1096 | BM5: 1080 | BN5: 1080 | BO5: 1065 | BP5: 1065 | BQ5: 1070 | BR5: 1070 | BS5: 1091 | BT5: 1091 | BU5: 1088 | BV5: 1088 | BW5: 965 | BX5: 965 | BY5: 908 | BZ5: 908 | CA5: 966 | CB5: 966 | CC5: 976 | CD5: 976 | CE5: 987 | CF5: 987 | CG5: 1088 | CH5: 1088 | CI5: 1088 | CJ5: 1088 | CK5: 1088 | CL5: 1088 | CM5: 1088 | CN5: 1143 | CO5: 1143 | CP5: 1143 | CQ5: 1225 | CR5: 1225 | CS5: 1256 | CT5: 1359 | CU5: 1359 | CV5: 1460 | CW5: 1460 | CX5: 1609 | CY5: 1609 | CZ5: 1580 | DA5: 1580 | DB5: 1580 | DC5: 1580 | DD5: 1544 | DE5: 1544 | DF5: 1528 | DG5: 1528 | DH5: 1517 | DI5: 1517 | DJ5: 1639 | DK5: 1639 | DL5: 1822 | DM5: 1822 | DN5: 1639 | DO5: 1639 | DP5: 1639 | DQ5: 1639
A6: Fuel and lubricants | B6: 1.7
A7: Transport | B7: 12.451703
A8: Headline | B8: 100

Sheet Q-on-Q change
C2: FRW/Litre | I2: Quarter on Quarter Change (%)
C3: Q4 2022 | D3: Q1 2023 | E3: Q2 2023 | F3: Q3 2023 | G3: Q4 2023 | H3: Q1 2024 | I3: Q1 2023 | J3: Q2 2023 | K3: Q3 2023 | L3: Q4 2023 | M3: Q1 2024
B4: Diesel | C4: =AVERAGE('Pump price_FRW'!CZ4:DB4) -> 1587 | D4: =AVERAGE('Pump price_FRW'!DC4:DE4) -> 1570.3333 | E4: =AVERAGE('Pump price_FRW'!DF4:DH4) -> 1509.3333 | F4: =AVERAGE('Pump price_FRW'!DI4:DK4) -> 1492 | G4: =AVERAGE('Pump price_FRW'!DL4:DN4) -> 1653 | H4: =AVERAGE('Pump price_FRW'!DO4:DQ4) -> 1635 | I4: =D4/C4-1 -> -0.010501995 | J4: =E4/D4-1 -> -0.038845256 | K4: =F4/E4-1 -> -0.011484099 | L4: =G4/F4-1 -> 0.10790885 | M4: =H4/G4-1 -> -0.010889292
B5: Gasoline | C5: =AVERAGE('Pump price_FRW'!CZ5:DB5) -> 1580 | D5: =AVERAGE('Pump price_FRW'!DC5:DE5) -> 1556 | E5: =AVERAGE('Pump price_FRW'!DF5:DH5) -> 1524.3333 | F5: =AVERAGE('Pump price_FRW'!DI5:DK5) -> 1598.3333 | G5: =AVERAGE('Pump price_FRW'!DL5:DN5) -> 1761 | H5: =AVERAGE('Pump price_FRW'!DO5:DQ5) -> 1639 | I5: =D5/C5-1 -> -0.015189873 | J5: =E5/D5-1 -> -0.020351328 | K5: =F5/E5-1 -> 0.048545812 | L5: =G5/F5-1 -> 0.10177268 | M5: =H5/G5-1 -> -0.069278819
B6: Fuel | C6: =AVERAGE(C4:C5) -> 1583.5 | D6: =AVERAGE(D4:D5) -> 1563.1667 | E6: =AVERAGE(E4:E5) -> 1516.8333 | F6: =AVERAGE(F4:F5) -> 1545.1667 | G6: =AVERAGE(G4:G5) -> 1707 | H6: =AVERAGE(H4:H5) -> 1637 | I6: =D6/C6-1 -> -0.012840754 | J6: =E6/D6-1 -> -0.029640687 | K6: =F6/E6-1 -> 0.018679266 | L6: =G6/F6-1 -> 0.1047352 | M6: =H6/G6-1 -> -0.041007616
